order_number,category,note,link
3008155879,Vrátenie tovaru zákazníkom,"B2B klientka (Rolli Polli, HU) reklamovala Grip Sticks — produkt nefungoval podľa očakávania. GymBeam poslal kuriéra na vyzdvihnutie, po prijatí tovaru na sklade spustil refundáciu.",https://gymbeam.ladesk.com/agent/index.php?rnd=5500#Conversation;code=XNW-XFLNT-554
3004130575,Vrátenie tovaru zákazníkom,Zákazníčka vrátila tovar z objednávky a poslala číslo účtu na vrátenie peňazí. Z avizovaných dvoch kusov sa napokon vrátil jeden (dámske legíny). Podpora potvrdila prijatie zásielky a platbu odoslala.,https://gymbeam.ladesk.com/agent/index.php?rnd=5500#Conversation;code=WJB-HHRMX-958
2009683923,Chýbajúci alebo poškodený tovar,"B2B partner (GymForce, CZ) reklamoval masážnu pištoľ VI BLACK — nefunkčné tlačidlo POWER, prístroj sa nedal zapnúť. GymBeam zaslal kuriéra na vyzdvihnutie, po spracovaní na sklade vystavil dobropis.",https://gymbeam.ladesk.com/agent/index.php?rnd=5500#Conversation;code=CCH-XHXWH-036
25001221994,Oneskorenie a komunikácia,"V rannom logistickom reporte medzi zásielkami, ktoré neboli nachystané v deadline.",https://gymbeamteam.slack.com/archives/C03AF2BHA69/p1702535249612539
2010504297,Chýbajúci alebo poškodený tovar,"Deň po objednávke sa sklad pýtal, prečo je stále v stave processing (k dobropisu to nesúviselo). Skutočná príčina dobropisu: B2B partner (SmartNakup, CZ) reklamoval masážnu pistoľ VI Black — vadný váleček masážnej hlavice sa prepadával a nedal sa pevne zaistiť. GymBeam tovar vrátil vratkovým kódom cez Packetu, vystavil dobropis a neskôr potvrdil odoslanie platby.",https://gymbeam.ladesk.com/agent/index.php?rnd=5500#Conversation;code=JZH-NKPZQ-519
2003419143,Bez zistenej príčiny,,
17001339438,Chýbajúci alebo poškodený tovar,"B2B partner (Dr.Max PL) reklamoval poškodený produkt v dodávke, doložil fotky. GymBeam vystavil korekčnú faktúru (dobropis) a poslal žiadosť na finančné oddelenie na vrátenie peňazí.",https://gymbeam.ladesk.com/agent/index.php?rnd=5500#Conversation;code=MJH-BLNLC-937
2011126071,Chýbajúci alebo poškodený tovar,"B2B klient reklamoval Water Bag (z troch kúpených) — netesnil okolo viečka. Po zaslaní videa GymBeam vystavil dobropis a vrátil peniaze na účet.",https://gymbeam.ladesk.com/agent/index.php?rnd=5500#Conversation;code=FVX-RXPGM-073
1005172649,Nerelevantné,"Objednávka z internej adresy @gymbeam.com, celá dobropisovaná v ten istý deň. Testovacia alebo omylom vytvorená.",
17004231903,Chýbajúci alebo poškodený tovar,V sklade rozdelená na 5 samostatných balíkov (InPost). Rozdelená zásielka je typický zdroj chýbajúceho tovaru.,https://gymbeamteam.slack.com/archives/C082Y9CQWAG/p1741007127659459
4007721716,Chýbajúci alebo poškodený tovar,"B2B klient (Body Dream Xperience SRL, RO) reklamoval proteínové tyčinky MoiMüv kúpené na ďalší predaj — príliš krátka expirácia (19ks do 07.09.2025, 6ks do 08.12.2025) a časť tovaru mala kyslú/skazenú chuť napriek platnej dobe spotreby. GymBeam preplatil hodnotu tovaru + 25 lei voucher, vystavil dobropis.",https://gymbeam.ladesk.com/agent/index.php?rnd=5500#Conversation;code=DGG-DBGJS-415
4002631676,Vrátenie tovaru zákazníkom,"B2B objednávka (Codeproof SRL) — tričko bolo väčšie ako potrebovala, zákazníčka ho vrátila kuriérom. Refundáciu skomplikoval nevyzdvihnutý prvý pokus (bola v nemocnici), po druhom pokuse GymBeam tovar prevzal a spustil vrátenie peňazí.",https://gymbeam.ladesk.com/agent/index.php?rnd=5500#Conversation;code=BJX-JBJCF-608
1700212131,Vrátenie tovaru zákazníkom,"B2B objednávka (Zielarnia Warmińska, PL) — zákazníčka vrátila kolagény, GymBeam refundáciu spracoval do ~30 dní od doručenia. Popri tom urgovala faktúru k objednávke, ktorú systém vygeneruje automaticky až s odstupom po dodaní.",https://gymbeam.ladesk.com/agent/index.php?rnd=5500#Conversation;code=SDG-BJNJM-471
1005446873,Administratíva a fakturácia,K objednávke priamo nič. Neskôr sa riešil problém s prihlásením do B2B portálu — Odoo firmu stále prihlasovalo na starý subjekt.,https://gymbeamteam.slack.com/archives/C020XMWRDV0/p1711618004729709
401951717,Bez zistenej príčiny,,
401545001,Bez zistenej príčiny,,
11001300267,Chýbajúci alebo poškodený tovar,"Dostal 5 zo 6 balíkov. Jeden sa v sklade SPS pomiešal na inú paletu, nemal tracking a nedal sa dohľadať ani znovu odoslať.",https://gymbeamteam.slack.com/archives/CCQ9BU8P4/p1720526436449399
1006083704,Chýbajúci alebo poškodený tovar,"B2B klient (Tripsy) reklamoval Vitamín C 100mg — z objednaných 336ks prišlo len 316ks, doložil fotku. GymBeam vystavil dobropis na chýbajúcich 20ks.",https://gymbeam.ladesk.com/agent/index.php?rnd=5500#Conversation;code=ZMS-RQXWF-199
1006544720,Vrátenie tovaru zákazníkom,"B2B klient (IGGY-TRADE) dostal nesprávne veľkosti fitness opaskov Jay (6×L, 1×S namiesto XL4/L2/M1). Výmena kus za kus nie je možná, tovar bol nepoužitý, GymBeam ho vyzdvihol kuriérom a vystavil dva dobropisy (4ks a 1ks).",https://gymbeam.ladesk.com/agent/index.php?rnd=5500#Conversation;code=SXG-MRQRJ-352
40001150117,Chýbajúci alebo poškodený tovar,"Reklamoval nedoručené 3x Creatine Capsules. Sklad po kontrole kamier tvrdil, že ich pribalil. Spor plus takmer deň čakania na odpoveď.",https://gymbeamteam.slack.com/archives/CCQ9BU8P4/p1752491077960979
103558643,Bez zistenej príčiny,,
1009473128,Chýbajúci alebo poškodený tovar,"B2B klientka (KOMATECH s.r.o.) reklamovala rozbité arašidové maslo v zásielke, doložila fotky. GymBeam vystavil dobropis; popri tom sa dvakrát opravovali fakturačné údaje (faktúra aj dobropis) na doplnenie IČO a DIČ, objednávala bez B2B registrácie.",https://gymbeam.ladesk.com/agent/index.php?rnd=5500#Conversation;code=CGM-BTMML-419
31000989155,Chýbajúci alebo poškodený tovar,"V #claim-documents medzi gréckymi zásielkami, ku ktorým sa dohľadávali reklamačné podklady od prepravcu Geniki — poškodenie alebo strata.",https://gymbeamteam.slack.com/archives/C010YPG8DCK/p1724334171991739
11001161907,Chýbajúci alebo poškodený tovar,"Nedostal Kompresnú majicu (SKU 4637-3-S) — nebola na sklade, expedovalo sa bez nej a on to reklamoval.",https://gymbeamteam.slack.com/archives/C01Q0MSNRJ4/p1710333765942449
19000456337,Chýbajúci alebo poškodený tovar,"Reklamácia a vrátenie tovaru. Sklad potvrdil, že v balíku nebol priložený žiadny reklamačný doklad.",https://gymbeamteam.slack.com/archives/C010YPG8DCK/p1721830378779719
11001170718,Vrátenie tovaru zákazníkom,"B2B klient (BBK Press, HR) chcel po doručení vymeniť veľkosti 4 kusov oblečenia. Výmena kus za kus nie je možná, tak GymBeam poslal reklamačný formulár a zvozom GLS vybavil vrátenie tovaru s refundáciou.",https://gymbeam.ladesk.com/agent/index.php?rnd=5500#Conversation;code=BBF-VDRBM-295
103578575,Administratíva a fakturácia,,https://gymbeam.ladesk.com/agent/index.php?rnd=5500#Conversations
1005767138,Vrátenie tovaru zákazníkom,"B2B klientka reklamovala kokosový a vanilkový toping s príliš krátkou expiráciou (08/2023, 10/2023) — nestihla by ich predať vo svojej prevádzke. Novšia šarža nebola skladom, tak GymBeam po 6ks každého vyzdvihol kuriérom a vystavil dobropis.",https://gymbeam.ladesk.com/agent/index.php?rnd=5500#Conversation;code=JQC-KZDVL-333
1011159437,Chýbajúci alebo poškodený tovar,"Uviazla v Payment Review. Časť položiek sa nedostala do faktúry — zaplatil 165 €, fakturovalo sa 128,34 €. Dobropis pokryl 30,71 €, zvyšných 36,65 € vrátil GymBeam priamo na účet po roku (nedodané položky neboli vyfakturované, tak k nim nešlo vystaviť klasický dobropis).",https://gymbeam.ladesk.com/agent/index.php?rnd=5500#Conversation;code=HGD-ZQCMS-759
1700011926,Bez zistenej príčiny,,
1005733694,Nerelevantné,Preklep v doméne (.cz namiesto .sk) a v Magente stornovaná objednávka. Nie je to odchod zákazníka — Alza nakupuje ďalej z iných adries.,
31001625536,Administratíva a fakturácia,"Objednávka sa nedodala v pôvodnej podobe, platba sa presúvala na náhradnú objednávku a vznikol rozdiel v cene dopravy. Uzavreté zápočtom takmer mesiac po objednávke.",https://gymbeamteam.slack.com/archives/CJ10TGGM8/p1749537851824489
