sku,name
1593-1617-120 tab,Tribulus Terrestris - GymBeam 120 tab
28095-1-lemon-lime,ReHydrate 1000 ml - GymBeam lemon lime
28324-1-chocolate-milkshake,Protein Just Whey - GymBeam 1000 g - chocolate milkshake - 00
28324-2-vanilla-ice-cream,Protein Just Whey - GymBeam 1000 g - vanilla ice cream - 00
28324-3-1000g-white-chocolate-coconut,Protein Just Whey - GymBeam 1000 g - white chocolate coconut - 00
28324-4-1000g-unflavored,Protein Just Whey - GymBeam 1000 g - unflavored - 00
28324-5-2000g-chocolate-milkshake,Protein Just Whey - GymBeam 2000 g - chocolate milkshake - 00
28324-7-2000g-vanilla-ice-cream,Protein Just Whey - GymBeam 2000 g - vanilla ice cream - 00
28324-9-1000g-saltedcaramel,Protein Just Whey - GymBeam 1000 g - salted caramel - 00
28396-1-120kaps-unflavored,Vitamin B-Complex - GymBeam 120 tab
28554-1-90-kaps-unflavored,Ashwagandha 500 mg - GymBeam 90 caps
29080-1-lemon-lime,Moxy bcaa+ Energy Drink 250 ml - GymBeam 250 ml - lemon lime
29401-1-90-caps,Chelated magnesium - GymBeam 90 caps
29401-2-180caps,Chelated magnesium - GymBeam 180 caps
29663-1,Bezkalorický sirup Salted Caramel - GymBeam 350 ml
29851-1-50ml,Ginger Shot - GymBeam 50 ml
30248-1-60g-cookies-cream,Proteínová tyčinka MoiMüv - GymBeam 60 g - cookies & cream
30248-2-60g-crunchy-caramel,Proteínová tyčinka MoiMüv - GymBeam 60 g - crunchy caramel
31571,Samples - just for internal using _
31577,Gift _
33457-1-wild-berry-330ml,Moxy Power+ Energy Drink 330 ml - GymBeam wild berries - 330 ml
38158-2-black,Backpack Adventure black - GymBeam single_variant
3885-1-500g,Kreatín 100% Monohydrate - GymBeam 500 g - unflavored - 00
48406-7-dvojitáčokoláda-75g,MoiMüv Protein Cookie - GymBeam dvojitá čokoláda - 75 g
49246-1-black,Massage gun VI Black - GymBeam single_variant
5075-25-1000g-chocolate,Proteín True Whey - GymBeam 1000 g - chocolate - 00
5250-2-90tab-bez-prichute,Vitamín C 1000 mg - GymBeam 90 tab
5585-3-240cap,Omega 3 - GymBeam 240 caps - 00
58354-1-10tab,Vitamin C 1000 mg KSK - GymBeam 10 tab
58360-1-10caps,Vitamin D3 2000 IU KSK - GymBeam 10 caps
5951-1-1000g-kremove,Arašidové maslo 100% - GymBeam 1000 g - smooth
5951-3-340g-smooth,Arašidové maslo 100% - GymBeam 340 g - smooth
5951-4-340g-crunchy,Arašidové maslo 100% - GymBeam 340 g - crunchy
61885-1-single_variant,Adjustable Bench - GymBeam single_variant
6322-1-60tab,Multivitamín Vitality complex - GymBeam 60 tab
6322-2-120tab,Multivitamín Vitality complex - GymBeam 120 tab
6503-1-60kaps,Vitamín D3 2000 IU - GymBeam 60 caps - 00
67279-1-single_variant,Thirst trap bottle Mint 500 ml - BeastPink single_variant
67288-1-single_variant,Sport bottle Sips&Dips Pink 550 ml - BeastPink single_variant
6755-1-cierna,"Fľaša Hydrator 1,89 l - GymBeam single_variant"
69643-1-20tab,Hydrate+ effervescent - GymBeam citrus - 20 tab
7677-1-chocolate,Bezkalorický sirup Chocolate Syrup - GymBeam 320 ml
7974-1-bez-prichute,Zinok - GymBeam 00 - 90 tab
80164-1-single_variant,Fitness trampoline Jump - GymBeam single_variant
8665-3-unflavored,Rice Protein 1000 g - GymBeam unflavored